<?xml version="1.0" encoding="UTF-8"?>
<configuration>
    <!-- 这里面定义了 CONSOLE_LOG_PATTERN, FILE_LOG_PATTERN 等日志格式, 还定义了一些日志级别 -->
    <include resource="org/springframework/boot/logging/logback/defaults.xml"/>

    <!--自定义颜色配置-->
    <conversionRule conversionWord="customcolor" converterClass="com.tct.val.aurora.util.LogbackColorful"/>

    <!-- 日志输出格式 -->
    <!--  <property name="log.pattern" value="%d{HH:mm:ss.SSS} [%thread] %-5level %logger{20} - [%method,%line] - %msg%n" />-->
    <!--格式化输出：%d表示日期，%thread表示线程名，%-5level：级别从左显示5个字符宽度%msg：日志消息，%n是换行符-->
    <!--<property name="log.pattern" value="%d{yyyy-MM-dd HH:mm:ss.SSS} [%thread] %-5level %logger{50} - %msg%n" />-->
    <!-- 自定义颜色 -->
    <property name="log.pattern" value="%d{yyyy-MM-dd HH:mm:ss.SSS} %magenta([%thread]) %customcolor(%-5level) %cyan(%logger{50}) - %msg%n" />


    <property name="LOG_LEVEL" value="info"/>
    <property name="LOG_PATH" value="log"/>
    <property name="LOG_FILE" value="aurora-cmnc.log"/>
    <property name="LOG_HISTORY" value="aurora-cmnc.%d{yyyy-MM-dd}.log"/>
    <property name="ERROR_FILE" value="aurora-cmnc-error.log"/>
    <property name="ERROR_HISTORY" value="aurora-cmnc-error.%d{yyyy-MM-dd}.log"/>

    <!--日志输出到控制台-->
    <appender name="CONSOLE" class="ch.qos.logback.core.ConsoleAppender">
        <encoder>
            <!--<pattern>${CONSOLE_LOG_PATTERN}</pattern>-->
            <pattern>${log.pattern}</pattern>
        </encoder>
    </appender>

    <!--日志输出到文件-->
    <springProfile name="!local">
        <appender name="FILE" class="ch.qos.logback.core.rolling.RollingFileAppender">
            <file>${LOG_PATH}/${LOG_FILE}</file>  <!-- 可自己定义 -->
            <encoder>
                <pattern>${log.pattern}</pattern> <!-- 输出格式也可自己定义 -->
            </encoder>
            <!-- 按照每天生成日志文件 -->
            <rollingPolicy class="ch.qos.logback.core.rolling.TimeBasedRollingPolicy">
                <fileNamePattern>${LOG_PATH}/${LOG_HISTORY}</fileNamePattern>
                <!--日志文件保留天数-->
                <maxHistory>30</maxHistory>
            </rollingPolicy>
        </appender>
    </springProfile>


    <!--异步到文件-->
    <springProfile name="!local">
        <appender name="asyncFileAppender" class="ch.qos.logback.classic.AsyncAppender">
            <discardingThreshold>0</discardingThreshold>
            <queueSize>500</queueSize>
            <appender-ref ref="FILE"/>
        </appender>
    </springProfile>

    <!--错误日志单独输出到文件-->
    <springProfile name="!local">
        <appender name="ERROR_FILE" class="ch.qos.logback.core.rolling.RollingFileAppender">
            <filter class="ch.qos.logback.classic.filter.ThresholdFilter">
                <level>ERROR</level>
            </filter>
            <file>${LOG_PATH}/${ERROR_FILE}</file>  <!-- 可自己定义 -->
            <encoder>
                <pattern>${log.pattern}</pattern> <!-- 输出格式也可自己定义 -->
            </encoder>
            <!-- 按照每天生成日志文件 -->
            <rollingPolicy class="ch.qos.logback.core.rolling.TimeBasedRollingPolicy">
                <fileNamePattern>${LOG_PATH}/${ERROR_HISTORY}</fileNamePattern>
                <!--日志文件保留天数-->
                <maxHistory>30</maxHistory>
            </rollingPolicy>
        </appender>
    </springProfile>



    <!--错误日志异步到文件-->
    <springProfile name="!local">
        <appender name="ASYNC-ERROR" class="ch.qos.logback.classic.AsyncAppender">
            <!-- 不丢失日志.默认的,如果队列的80%已满,则会丢弃TRACT、DEBUG、INFO级别的日志 -->
            <discardingThreshold>0</discardingThreshold>
            <!-- 更改默认的队列的深度,该值会影响性能.默认值为256 -->
            <queueSize>256</queueSize>
            <!-- 添加附加的appender,最多只能添加一个 -->
            <appender-ref ref="ERROR_FILE"/>
        </appender>
    </springProfile>


    <!--开发环境:打印控制台-->
    <springProfile name="local">
        <!-- 打印sql -->
        <logger name="com.company.project" level="DEBUG"/>
        <root level="${LOG_LEVEL}">
            <appender-ref ref="CONSOLE"/>
        </root>
    </springProfile>

    <!-- 输出格式 appender -->
    <springProfile name="!local">
        <root level="${LOG_LEVEL}">
            <appender-ref ref="CONSOLE"/>
            <appender-ref ref="asyncFileAppender"/>
            <appender-ref ref="ASYNC-ERROR"/>
        </root>
    </springProfile>


</configuration>